id,y_true,y_prob,y_pred
1,1,0.32862273,0
2,1,0.33664337,0
7,0,0.41695884,0
9,1,0.67152935,1
11,0,0.66271806,1
20,0,0.41641492,0
22,0,0.6492931,1
25,0,0.57254255,1
28,1,0.60582316,1
32,0,0.526507,1
35,0,0.45291093,0
41,0,0.6421975,1
44,1,0.32588297,0
50,0,0.6155159,1
51,1,0.5327966,1
61,0,0.5042873,1
66,1,0.47437504,0
69,1,0.5696695,1
71,0,0.62027454,1
81,0,0.58207107,1
82,1,0.632815,1
90,1,0.43896508,0
93,0,0.35156834,0
95,0,0.5333339,1
99,0,0.6068287,1
100,0,0.5686562,1
104,0,0.2754387,0
105,0,0.38650814,0
107,1,0.39173865,0
109,0,0.4252185,0
111,1,0.584141,1
112,0,0.32934695,0
118,1,0.61587805,1
121,1,0.41434914,0
128,1,0.61271137,1
131,0,0.33756158,0
135,0,0.38672894,0
142,1,0.6708919,1
147,0,0.47537637,0
148,0,0.48919514,0
149,0,0.37061214,0
157,1,0.766556,1
169,1,0.35067853,0
171,0,0.48958695,0
173,0,0.46081072,0
175,1,0.50651276,1
181,1,0.5966475,1
188,0,0.28614742,0
189,0,0.4048145,0
193,1,0.6020502,1
197,0,0.40927204,0
202,1,0.51368046,1
203,1,0.55235046,1
205,1,0.42447972,0
211,0,0.5854479,1
214,1,0.4978718,0
217,0,0.37462994,0
219,0,0.5407374,1
223,0,0.43672034,0
226,0,0.43759844,0
227,1,0.47456232,0
233,0,0.61845005,1
235,1,0.67346287,1
237,1,0.47187,0
238,1,0.48847446,0
247,1,0.5867764,1
248,0,0.4354827,0
250,1,0.5426326,1
251,0,0.26263356,0
254,1,0.6375598,1
256,1,0.4517222,0
261,0,0.55686986,1
265,1,0.67390203,1
267,0,0.36447933,0
274,0,0.37609082,0
277,1,0.47275656,0
278,0,0.60824084,1
281,0,0.2692888,0
282,1,0.6472262,1
283,0,0.5080079,1
284,1,0.6625645,1
285,1,0.5806112,1
287,0,0.5270831,1
288,0,0.5292145,1
296,0,0.57430315,1
297,0,0.46293464,0
302,0,0.46505293,0
304,0,0.5693824,1
314,0,0.57531714,1
318,0,0.5128472,1
325,0,0.60713613,1
333,0,0.66105837,1
335,0,0.54276156,1
339,0,0.48321617,0
342,1,0.52636546,1
347,0,0.3772053,0
349,0,0.5736903,1
351,0,0.2744413,0
362,0,0.43747085,0
364,0,0.53067017,1
367,0,0.44511297,0
369,0,0.33878306,0
371,1,0.6174401,1
372,0,0.56040645,1
374,1,0.41096807,0
376,1,0.55465627,1
377,1,0.54427874,1
379,0,0.4030259,0
382,1,0.36293206,0
383,1,0.6897896,1
384,0,0.33445302,0
385,0,0.54544365,1
387,1,0.3819474,0
388,0,0.50383174,1
393,1,0.5289082,1
394,0,0.49793294,0
396,1,0.5732671,1
397,1,0.5861433,1
402,0,0.37352747,0
405,0,0.5153946,1
407,1,0.6444391,1
408,0,0.6077239,1
410,1,0.38579956,0
411,0,0.29375666,0
413,1,0.60897005,1
426,0,0.43599388,0
429,0,0.25342897,0
430,1,0.5845977,1
431,1,0.5721786,1
432,0,0.39511696,0
433,1,0.6524051,1
437,0,0.43820092,0
441,0,0.42174628,0
445,0,0.56784225,1
450,0,0.4519523,0
454,1,0.6241069,1
462,0,0.40041122,0
467,1,0.61326635,1
469,0,0.60539395,1
476,1,0.69944704,1
477,0,0.4730664,0
478,1,0.5579777,1
479,0,0.29972854,0
482,1,0.38267052,0
485,1,0.5688826,1
487,0,0.6334371,1
489,1,0.5208711,1
496,1,0.56008446,1
503,1,0.29026768,0
504,0,0.4288148,0
507,1,0.3994957,0
513,1,0.5641902,1
522,1,0.41147023,0
524,0,0.5523298,1
528,0,0.52195233,1
530,0,0.31790116,0
533,1,0.60228914,1
538,0,0.60208493,1
539,0,0.41832113,0
541,0,0.36565083,0
548,1,0.3913979,0
549,1,0.6139596,1
557,1,0.6633246,1
558,1,0.6168537,1
560,1,0.57744443,1
562,0,0.28201553,0
564,0,0.36652973,0
567,1,0.7297322,1
570,0,0.38130215,0
572,1,0.34107232,0
574,0,0.47681108,0
575,1,0.7211132,1
576,0,0.46778205,0
578,0,0.5373658,1
579,1,0.57899487,1
582,1,0.5756214,1
585,0,0.4353511,0
589,0,0.47521,0
593,1,0.54141605,1
604,0,0.5107429,1
605,1,0.6164322,1
610,0,0.26137692,0
614,1,0.5718179,1
615,0,0.36075386,0
617,1,0.29309717,0
622,1,0.57286084,1
623,0,0.4200676,0
630,1,0.5236641,1
631,0,0.43649784,0
634,0,0.4069535,0
640,1,0.69076896,1
644,0,0.47447923,0
647,0,0.6301244,1
648,1,0.3524623,0
649,0,0.6110539,1
653,0,0.6508285,1
656,0,0.39199498,0
660,0,0.52525914,1
663,1,0.47992915,0
667,0,0.6522167,1
671,0,0.32544136,0
673,1,0.47371006,0
674,1,0.5590733,1
678,1,0.6178477,1
684,0,0.37637296,0
690,0,0.3156123,0
693,0,0.38068962,0
695,0,0.66379607,1
696,1,0.45654798,0
703,1,0.3908669,0
704,0,0.42184222,0
706,0,0.66652614,1
709,0,0.48308945,0
710,0,0.5002128,1
711,0,0.49619675,0
714,0,0.64545214,1
715,0,0.38771355,0
716,0,0.5019704,1
719,0,0.65623903,1
720,0,0.429506,0
722,0,0.48570094,0
723,0,0.3810496,0
733,0,0.034168378,0
736,1,0.4278013,0
742,1,0.45049936,0
743,1,0.7106607,1
750,0,0.30964178,0
751,0,0.49405318,0
755,0,0.60344666,1
758,1,0.60739636,1
759,0,0.68416166,1
761,0,0.4642051,0
764,1,0.6792002,1
770,0,0.25927016,0
771,0,0.42684126,0
775,1,0.628064,1
776,0,0.26225108,0
780,0,0.46948713,0
781,1,0.4993174,0
782,1,0.5864098,1
783,0,0.47349006,0
792,1,0.72651327,1
793,1,0.5104666,1
803,0,0.50827396,1
804,0,0.55700225,1
807,0,0.39956316,0
808,0,0.7341509,1
814,0,0.29532832,0
817,1,0.60931545,1
823,0,0.4876535,0
824,0,0.40364662,0
826,0,0.38114375,0
829,1,0.44411334,0
831,1,0.6038646,1
833,0,0.34976897,0
834,0,0.64329267,1
835,1,0.5472728,1
837,0,0.6595303,1
839,0,0.3935363,0
840,0,0.39833823,0
843,0,0.47199422,0
845,1,0.43356463,0
846,0,0.37774175,0
847,0,0.4190656,0
848,1,0.31177264,0
849,0,0.3410113,0
851,0,0.5814904,1
855,0,0.36874577,0
860,1,0.58484346,1
861,0,0.5967111,1
863,0,0.34874427,0
864,0,0.28852528,0
867,1,0.49806008,0
873,0,0.44077718,0
875,1,0.4243784,0
878,0,0.37810302,0
895,1,0.7428514,1
901,1,0.40375382,0
903,1,0.51349235,1
909,1,0.4077137,0
911,0,0.5070294,1
912,0,0.527604,1
916,1,0.656147,1
917,1,0.5532624,1
921,0,0.57067907,1
926,0,0.5025774,1
927,1,0.57078564,1
928,0,0.43832567,0
929,0,0.27753985,0
930,1,0.44907776,0
933,0,0.5367447,1
934,1,0.3570913,0
940,0,0.54088664,1
941,0,0.52073276,1
944,0,0.59206533,1
945,0,0.5194055,1
949,1,0.6750426,1
961,1,0.51152813,1
965,1,0.63706464,1
968,1,0.3058868,0
969,0,0.40142584,0
974,1,0.5291978,1
976,0,0.42414927,0
981,0,0.5046828,1
985,0,0.3649753,0
987,1,0.59098065,1
988,0,0.31101182,0
995,0,0.50822735,1
996,0,0.5476253,1
1004,1,0.4007475,0
1006,1,0.6891506,1
1012,1,0.42470556,0
1015,0,0.35435534,0
1019,0,0.48158926,0
1020,0,0.5976767,1
1030,1,0.3806989,0
1032,1,0.5442655,1
1033,1,0.5602578,1
1039,0,0.49010974,0
1042,1,0.65024745,1
1050,0,0.61232346,1
1051,0,0.39174837,0
1056,1,0.5693066,1
1058,0,0.57731557,1
1062,0,0.4146782,0
1064,1,0.5773455,1
1073,0,0.39023918,0
1077,1,0.6012765,1
1078,1,0.40125322,0
1082,1,0.3547932,0
1083,1,0.4613781,0
1085,0,0.14672132,0
1086,0,0.437589,0
1096,1,0.62830424,1
1097,1,0.4144305,0
1098,1,0.38964397,0
1099,1,0.45670897,0
1106,1,0.6740399,1
1110,0,0.6038306,1
1111,0,0.28267798,0
1112,1,0.3002636,0
1114,0,0.53368616,1
1115,0,0.41548935,0
1118,1,0.4660154,0
1120,0,0.4890656,0
1125,1,0.37184542,0
1126,1,0.448614,0
1128,0,0.5690988,1
1129,1,0.46680003,0
1137,1,0.5418806,1
1143,0,0.6517241,1
1150,0,0.5413735,1
1153,0,0.4630355,0
1155,0,0.45306858,0
1156,1,0.46666273,0
1157,1,0.49835464,0
1160,0,0.5418856,1
1164,0,0.56370795,1
1165,0,0.47168162,0
1166,1,0.45527628,0
1168,1,0.30174187,0
1169,1,0.52716506,1
1178,1,0.5328297,1
1179,0,0.5713806,1
1182,1,0.50917536,1
1187,1,0.47614035,0
1188,0,0.41374218,0
1192,0,0.50253963,1
1195,1,0.43561873,0
1196,1,0.5312377,1
1197,0,0.3899819,0
1198,1,0.32079008,0
1200,0,0.2434472,0
1201,1,0.44435504,0
1205,0,0.3645637,0
1209,1,0.42892632,0
1212,1,0.5414132,1
1213,1,0.38209116,0
1214,1,0.5643504,1
1218,0,0.5519513,1
1228,0,0.5526407,1
1234,0,0.35917047,0
1236,1,0.5438687,1
1241,0,0.4761694,0
1242,1,0.7002008,1
1248,0,0.4171161,0
1254,1,0.50532913,1
1255,1,0.7239089,1
1256,0,0.6624199,1
1261,0,0.21836409,0
1275,0,0.35216832,0
1277,0,0.48339784,0
1281,0,0.36075318,0
1282,0,0.68766165,1
1284,0,0.46024582,0
1286,1,0.5899247,1
1287,1,0.344763,0
1288,0,0.34033352,0
1290,0,0.42771268,0
1292,0,0.47308376,0
1295,0,0.4825415,0
1300,0,0.5859304,1
1302,1,0.5937446,1
1305,1,0.6043018,1
1310,1,0.4190649,0
1313,0,0.67755425,1
1317,1,0.35754707,0
1318,1,0.5387562,1
1325,1,0.45300347,0
1329,1,0.43913817,0
1330,1,0.57124996,1
1335,1,0.5186638,1
1336,0,0.47535378,0
1339,0,0.51190287,1
1340,0,0.49519286,0
1342,1,0.57283807,1
1345,1,0.5591061,1
1347,1,0.65695834,1
1350,0,0.40631047,0
1352,1,0.7600213,1
1353,0,0.50967413,1
1355,0,0.3569157,0
1356,0,0.49081165,0
1361,0,0.48748058,0
1364,0,0.55196714,1
1366,1,0.5103773,1
1369,0,0.38830775,0
1371,0,0.5120337,1
1372,1,0.6438577,1
1374,1,0.4038405,0
1375,0,0.5412556,1
1381,1,0.5343263,1
1382,1,0.4148785,0
1385,1,0.41649285,0
1387,1,0.46205854,0
1389,1,0.58377516,1
1391,1,0.55697465,1
1392,0,0.288752,0
1394,0,0.31421494,0
1396,0,0.42489806,0
1402,0,0.6461048,1
1403,1,0.4502779,0
1407,1,0.4624663,0
1411,1,0.5457208,1
1412,1,0.58741355,1
1414,1,0.68347716,1
1416,1,0.59305453,1
1418,1,0.6578478,1
1424,1,0.6217221,1
1427,0,0.5700884,1
1428,0,0.42243543,0
1431,1,0.47970882,0
1433,0,0.542385,1
1446,0,0.405821,0
1449,1,0.4369402,0
1451,1,0.56521046,1
1453,0,0.39774483,0
1456,0,0.40281013,0
1459,1,0.6578903,1
1462,0,0.39888754,0
1464,1,0.080184706,0
1466,0,0.43318477,0
1468,0,0.5717111,1
1469,1,0.65810263,1
1470,0,0.27689266,0
1472,0,0.34669268,0
1473,1,0.54418194,1
1474,0,0.48457915,0
1476,0,0.5494193,1
1477,1,0.55514467,1
1478,1,0.707437,1
1480,1,0.37448668,0
1481,0,0.32611877,0
1482,1,0.6507108,1
1484,1,0.5629124,1
1486,0,0.5221913,1
1489,1,0.35462317,0
1493,1,0.672977,1
1495,0,0.4053729,0
1496,0,0.4983807,0
1497,0,0.52957594,1
1498,0,0.5596478,1
1509,0,0.47591922,0
1510,1,0.6539868,1
1512,1,0.39846167,0
1513,1,0.61932534,1
1517,0,0.29151163,0
1518,1,0.40890068,0
1524,0,0.41492224,0
1526,1,0.51891345,1
1528,1,0.4797855,0
1540,0,0.33840713,0
1541,1,0.608876,1
1550,0,0.40582055,0
1551,1,0.655144,1
1552,0,0.26280478,0
1554,0,0.60948896,1
1555,1,0.5403987,1
1556,0,0.39166474,0
1559,1,0.51185954,1
1563,1,0.540627,1
1567,1,0.48199236,0
1569,0,0.5395801,1
1571,0,0.54810226,1
1574,1,0.5744254,1
1581,1,0.5935668,1
1584,1,0.6809366,1
1586,0,0.45532745,0
1588,1,0.3875662,0
1590,0,0.4969107,0
1591,0,0.37116075,0
1592,1,0.4323018,0
1596,0,0.50786465,1
1602,0,0.42651558,0
1604,1,0.60428834,1
1607,0,0.5717254,1
1612,1,0.32663518,0
1613,0,0.66926,1
1619,0,0.5118072,1
1628,0,0.42443857,0
1630,1,0.5377382,1
1631,1,0.5654912,1
1632,0,0.39205685,0
1633,1,0.62244046,1
1634,0,0.32076922,0
1642,0,0.40306854,0
1645,1,0.5189862,1
1647,1,0.542992,1
1651,1,0.5159563,1
1656,1,0.5714687,1
1657,0,0.3860261,0
1658,0,0.59938234,1
1660,0,0.37330762,0
1661,1,0.49771062,0
1662,0,0.57184553,1
1663,0,0.46341908,0
1664,0,0.49146214,0
1666,1,0.6707754,1
1669,1,0.64210534,1
1671,1,0.520425,1
1672,0,0.5133508,1
1678,0,0.36930817,0
1685,1,0.4319466,0
1689,1,0.4872759,0
1690,1,0.49384472,0
1693,0,0.37719437,0
1696,1,0.5809678,1
1698,0,0.26533493,0
1699,0,0.49173188,0
1705,1,0.48429638,0
1707,0,0.51994306,1
1708,0,0.3275269,0
1709,0,0.39553723,0
1711,1,0.6514999,1
1714,1,0.6986552,1
1716,0,0.35067582,0
1722,0,0.542022,1
1723,0,0.56846285,1
1724,0,0.3710026,0
1727,0,0.45887682,0
1735,1,0.52156675,1
1739,1,0.70565265,1
1741,1,0.5597376,1
1742,0,0.498258,0
1746,1,0.38373005,0
1747,1,0.6600981,1
1750,1,0.5488857,1
1753,0,0.45179802,0
1758,0,0.44284615,0
1761,1,0.6627295,1
1763,1,0.357245,0
1764,0,0.34426033,0
1767,1,0.5207132,1
1769,0,0.5157398,1
1773,0,0.2765382,0
1776,0,0.5579151,1
1782,1,0.48556697,0
1783,0,0.5403153,1
1786,0,0.4784058,0
1796,1,0.62094223,1
1798,0,0.5506725,1
1802,1,0.55580103,1
1806,1,0.6117197,1
1807,1,0.400371,0
1808,1,0.3660495,0
1810,1,0.5166216,1
1813,0,0.5133189,1
1815,0,0.42572832,0
1816,1,0.52954507,1
1817,0,0.6437856,1
1818,0,0.47669363,0
1820,0,0.47589284,0
1821,1,0.39764598,0
1823,0,0.5781083,1
1828,0,0.4181542,0
1836,0,0.48873428,0
1839,1,0.6716279,1
1844,1,0.52418566,1
1846,0,0.5154974,1
1858,0,0.44397503,0
1859,1,0.50501215,1
1862,0,0.39427242,0
1865,1,0.60095847,1
1866,1,0.58048326,1
1871,0,0.3949798,0
1872,0,0.4659767,0
1879,1,0.56054926,1
1880,1,0.57336885,1
1882,1,0.2995859,0
1887,1,0.51285446,1
1893,1,0.6620258,1
1894,1,0.36368188,0
1899,0,0.54721224,1
1900,0,0.5331751,1
1902,1,0.65539193,1
1904,1,0.6313141,1
1909,0,0.5108783,1
1921,1,0.54894274,1
1922,1,0.39831626,0
1923,1,0.48349074,0
1926,1,0.655318,1
1929,0,0.3187052,0
1930,0,0.37346637,0
1931,1,0.4436477,0
1933,0,0.4725147,0
1939,1,0.70837146,1
1942,0,0.35690832,0
1953,1,0.5072551,1
1958,1,0.5176615,1
1960,1,0.5304241,1
1966,1,0.6268779,1
1969,0,0.30390155,0
1974,0,0.2684062,0
1976,1,0.6552402,1
1978,0,0.5298244,1
1981,1,0.6720092,1
1983,0,0.59073246,1
1984,0,0.34595433,0
1998,0,0.33071262,0
2010,0,0.49011916,0
2015,0,0.63914007,1
2017,0,0.5155366,1
2018,1,0.33745703,0
2020,0,0.5297998,1
2021,1,0.54297113,1
2023,1,0.61457115,1
2025,0,0.23944098,0
2029,1,0.39350212,0
2031,0,0.6090982,1
2032,1,0.5126288,1
2034,1,0.48125148,0
2039,0,0.30539304,0
2041,0,0.48641765,0
2045,0,0.44410768,0
2047,0,0.31826502,0
2054,1,0.65959287,1
2060,1,0.60440564,1
2062,1,0.54842347,1
2064,0,0.6183124,1
2068,0,0.5417315,1
2072,1,0.5739951,1
2077,0,0.5295694,1
2079,0,0.53683174,1
2085,1,0.36228415,0
2090,0,0.56280696,1
2095,0,0.39685073,0
2096,1,0.5731375,1
2097,1,0.61664915,1
2100,1,0.44309032,0
2102,1,0.52692294,1
2106,1,0.34408638,0
2108,1,0.47337836,0
2109,0,0.643805,1
2112,1,0.41967082,0
2116,0,0.55415285,1
2117,1,0.7230444,1
2118,0,0.42277035,0
2120,1,0.69210863,1
2124,1,0.60672647,1
2125,0,0.47839963,0
2128,0,0.5868435,1
2131,1,0.417884,0
2132,1,0.6081697,1
2135,0,0.52731633,1
2136,1,0.6032475,1
2143,1,0.5530596,1
2144,1,0.42607993,0
2148,0,0.3974383,0
2151,1,0.7028327,1
2157,1,0.44641003,0
2161,1,0.56855756,1
2165,0,0.5566201,1
2167,1,0.6112852,1
2168,1,0.5060071,1
2170,1,0.510435,1
2171,0,0.34163746,0
2174,1,0.5628646,1
2176,0,0.45922688,0
2182,1,0.5545974,1
2183,1,0.64047325,1
2186,0,0.44200265,0
2192,0,0.38226596,0
2194,0,0.5310232,1
2196,0,0.54119945,1
2205,1,0.43692544,0
2208,1,0.58211803,1
2210,0,0.35357705,0
2215,1,0.46181583,0
2221,1,0.6891737,1
2222,1,0.5685719,1
2223,0,0.47844434,0
2225,1,0.5651214,1
2226,1,0.369525,0
2229,1,0.47291055,0
2233,1,0.497447,0
2234,0,0.4992372,0
2235,0,0.6024904,1
2236,0,0.42818788,0
2237,0,0.4522504,0
2239,0,0.52063274,1
2241,0,0.4965571,0
2249,1,0.2947642,0
2250,1,0.49176112,0
2254,1,0.661674,1
2256,1,0.6067885,1
2257,0,0.43268794,0
2259,0,0.3474564,0
2261,1,0.43199545,0
2262,1,0.5102545,1
2263,1,0.5005462,1
2265,0,0.52821684,1
2270,0,0.44741958,0
2271,0,0.63036937,1
2272,0,0.5419657,1
2280,1,0.60994905,1
2281,1,0.50784093,1
2285,1,0.604017,1
2292,0,0.6211805,1
2295,1,0.35786435,0
2296,0,0.3198757,0
2297,0,0.49590096,0
2298,1,0.46801114,0
2299,1,0.51675266,1
2300,1,0.6073156,1
2304,1,0.30257633,0
2305,0,0.54165447,1
2311,1,0.64280343,1
2314,1,0.5468805,1
2315,1,0.51150244,1
2316,0,0.41061205,0
2317,0,0.49961862,0
2318,1,0.57340634,1
2319,1,0.5954425,1
2321,1,0.71359336,1
2333,0,0.28626865,0
2336,0,0.6397245,1
2340,0,0.37021095,0
2341,1,0.5381185,1
2343,1,0.5048429,1
2344,1,0.6520595,1
2346,1,0.6970632,1
2352,1,0.5631078,1
2353,1,0.6629248,1
2354,0,0.40869388,0
2357,1,0.38184404,0
2361,1,0.38414752,0
2369,1,0.59742427,1
2370,0,0.50098735,1
2371,1,0.40377292,0
2373,1,0.633988,1
2376,0,0.32264557,0
2378,1,0.57643485,1
2379,1,0.5216197,1
2380,0,0.26255634,0
2381,0,0.3954517,0
2384,0,0.4479492,0
2387,0,0.36631763,0
2392,0,0.4902135,0
2397,1,0.3497683,0
2398,1,0.5413009,1
2408,1,0.58293056,1
2416,1,0.55203307,1
2417,0,0.62813985,1
2418,0,0.17082086,0
2421,0,0.3383494,0
2424,1,0.37623125,0
2426,0,0.33881867,0
2429,0,0.39080715,0
2431,0,0.3439001,0
2432,1,0.44601065,0
2438,1,0.40704232,0
2439,1,0.37812778,0
2442,1,0.3403793,0
2443,0,0.43664634,0
2445,1,0.39210355,0
2448,0,0.4834756,0
2449,0,0.54535717,1
2453,0,0.49298713,0
2455,1,0.33389997,0
2456,0,0.631593,1
2459,1,0.4414333,0
2461,0,0.3507053,0
2466,0,0.57732755,1
2467,0,0.5006691,1
2468,1,0.41636264,0
2470,1,0.6673752,1
2475,1,0.42094254,0
2479,0,0.5320748,1
2489,1,0.47686818,0
2490,0,0.30771762,0
2491,1,0.62358284,1
2492,0,0.536929,1
2494,1,0.4511223,0
2497,0,0.5478021,1
2500,1,0.5291512,1
2504,1,0.31234452,0
2510,0,0.5970714,1
2518,1,0.39809123,0
2519,1,0.5311696,1
2525,0,0.49462876,0
2532,1,0.5649601,1
2533,1,0.33259922,0
2538,0,0.5122787,1
2539,0,0.41409934,0
2540,1,0.5539527,1
2549,1,0.5288733,1
2550,0,0.41193244,0
2555,0,0.45183212,0
2557,0,0.2650064,0
2558,0,0.5361061,1
2561,0,0.50641304,1
2564,0,0.54187465,1
2568,0,0.3756849,0
2570,0,0.52184063,1
2573,1,0.3368204,0
2578,0,0.4899995,0
2581,1,0.33058873,0
2582,1,0.56535995,1
2584,1,0.30648422,0
2588,1,0.66905844,1
2589,0,0.3607906,0
2590,1,0.51295173,1
2592,0,0.51698256,1
2599,0,0.48974234,0
2605,0,0.5521187,1
2611,0,0.65672153,1
2613,0,0.3854122,0
2617,1,0.6459812,1
2621,0,0.55789864,1
2622,0,0.3526448,0
2632,0,0.39680052,0
2639,0,0.44589108,0
2644,1,0.5978129,1
2650,1,0.32998183,0
2657,1,0.42585692,0
2659,1,0.60106206,1
2661,1,0.6384419,1
2671,0,0.4230761,0
2672,1,0.6468432,1
2674,1,0.3867485,0
2677,0,0.52386314,1
2679,0,0.4897898,0
6866,0,0.55377555,1
6867,1,0.62370384,1
6868,1,0.62020624,1
6870,0,0.6091888,1
6871,1,0.58107257,1
6876,1,0.39026803,0
6880,0,0.33851182,0
6881,1,0.62195396,1
6885,1,0.45524964,0
6886,0,0.48753712,0
6887,0,0.45196617,0
6888,0,0.55220425,1
6892,1,0.46811926,0
6897,1,0.47935194,0
6899,0,0.4947862,0
6901,0,0.57091594,1
6903,0,0.6576604,1
6904,0,0.33722025,0
6905,0,0.54251176,1
6906,1,0.5211425,1
6907,0,0.4177017,0
6910,1,0.4050633,0
6912,1,0.64151275,1
6914,1,0.53894615,1
6916,1,0.41825223,0
6917,1,0.57600206,1
6919,1,0.4754679,0
6923,1,0.5889479,1
6925,1,0.41482115,0
6926,1,0.37779936,0
6930,0,0.37550968,0
7235,1,0.39826757,0
7238,1,0.37958026,0
7243,1,0.60652274,1
7244,1,0.6337198,1
7250,0,0.6016032,1
7252,1,0.5589537,1
7253,0,0.4449552,0
7256,0,0.5985609,1
7257,0,0.683238,1
7258,1,0.43233943,0
7259,1,0.3191849,0
7262,0,0.5104053,1
7263,1,0.7116742,1
7266,0,0.42471284,0
7267,0,0.65375566,1
7269,0,0.4120242,0
7271,0,0.7465913,1
7272,0,0.562703,1
7274,0,0.46800834,0
7276,1,0.5390714,1
7277,1,0.55369943,1
7282,1,0.5479171,1
7283,1,0.43772265,0
7285,0,0.3741291,0
7286,0,0.5637145,1
7287,1,0.5612308,1
7291,0,0.43411753,0
7293,1,0.59484756,1
7294,0,0.7428199,1
7296,1,0.6017323,1
7300,1,0.3632636,0
7309,0,0.60015476,1
7310,0,0.5136803,1
7311,1,0.6410824,1
7318,1,0.52621055,1
7322,0,0.49004418,0
7324,1,0.61383694,1
7326,0,0.509905,1
7327,1,0.43128124,0
7328,0,0.40402344,0
7329,1,0.35267806,0
7332,1,0.51798266,1
7341,0,0.51888263,1
7342,0,0.4779895,0
7349,1,0.4877355,0
7354,1,0.36117056,0
7355,0,0.5151807,1
7356,0,0.47452906,0
7362,0,0.605289,1
7363,0,0.6787541,1
7365,0,0.43629807,0
7367,1,0.67720735,1
7368,0,0.6346289,1
7372,0,0.40734574,0
7374,0,0.601836,1
7905,1,0.45533556,0
7906,0,0.549378,1
7909,1,0.57224363,1
7910,1,0.5802767,1
7915,0,0.48159218,0
7916,1,0.46554163,0
7917,0,0.4336115,0
7919,1,0.47815552,0
7922,1,0.5148059,1
7927,1,0.53135157,1
7929,1,0.35640058,0
7934,1,0.48222405,0
7935,0,0.32081532,0
7936,1,0.63677585,1
7938,0,0.5168369,1
7939,1,0.604195,1
7942,1,0.5686065,1
7943,1,0.4746091,0
7944,0,0.110308886,0
7945,1,0.55335844,1
7946,0,0.5915132,1
7947,0,0.5498365,1
7948,1,0.6393206,1
7950,1,0.5339042,1
7951,1,0.564258,1
7952,0,0.35707092,0
7953,1,0.35814393,0
7954,1,0.5464581,1
7955,0,0.509971,1
7956,0,0.46985647,0
7963,0,0.44495752,0
7966,1,0.40470842,0
7968,0,0.5790553,1
7969,1,0.28468105,0
7970,1,0.5087855,1
7971,0,0.529,1
7972,1,0.63075984,1
7973,0,0.49707037,0
7974,0,0.5918461,1
7975,1,0.6834995,1
7976,1,0.59004104,1
7977,1,0.62770766,1
7980,0,0.5773244,1
7982,1,0.4821224,0
7983,1,0.5050067,1
7985,1,0.611504,1
7987,0,0.40161252,0
7988,1,0.4171229,0
7989,1,0.6535801,1
7990,1,0.526844,1
7991,1,0.60938716,1
7994,1,0.6267375,1
7997,0,0.48228744,0
7999,1,0.47509518,0
8000,0,0.45965588,0
8009,0,0.4767839,0
8014,0,0.4643445,0
8015,1,0.4743892,0
8016,1,0.47359252,0
8017,1,0.5967324,1
8018,1,0.36847195,0
8019,1,0.46185493,0
8021,1,0.530669,1
8022,1,0.53389764,1
8023,0,0.39538223,0
8024,1,0.5363908,1
8025,0,0.32342738,0
8029,1,0.6284366,1
8030,1,0.44497305,0
8034,0,0.4217193,0
8035,0,0.46627504,0
8036,0,0.5293851,1
8037,0,0.5745295,1
8041,0,0.39692816,0
8048,1,0.49744177,0
8049,0,0.34697157,0
8050,0,0.4167805,0
8052,1,0.39122006,0
8057,1,0.613533,1
8058,0,0.4697131,0
8059,1,0.58579683,1
8061,0,0.43640283,0
8070,0,0.44301262,0
8072,1,0.49834615,0
8073,1,0.6053113,1
8075,1,0.40863824,0
8079,1,0.50948095,1
8081,0,0.52624995,1
8083,1,0.47856602,0
8085,0,0.44096315,0
8086,0,0.3880456,0
8088,1,0.5570767,1
8090,0,0.57843363,1
8094,0,0.47964507,0
8097,1,0.36506686,0
8099,0,0.38497123,0
8101,0,0.39457956,0
8102,1,0.5104464,1
8104,0,0.36570144,0
8105,1,0.34563246,0
8107,0,0.3860607,0
8110,0,0.22109707,0
9155,1,0.56391466,1
9158,1,0.51534104,1
9162,0,0.4488222,0
9165,0,0.3431598,0
9168,1,0.55441666,1
9172,1,0.6434406,1
9173,0,0.6419523,1
9180,1,0.49838102,0
9181,0,0.64903104,1
9184,1,0.42779994,0
9185,1,0.475638,0
9186,0,0.37106854,0
9191,1,0.30452332,0
9194,0,0.43537113,0
9196,1,0.38093865,0
9197,1,0.5822516,1
9198,0,0.30667236,0
9199,0,0.35285524,0
9201,1,0.48983636,0
9203,1,0.5697241,1
9213,0,0.42135885,0
9221,0,0.45121324,0
9223,1,0.46568623,0
9226,0,0.49676675,0
9227,0,0.26215357,0
9229,1,0.31287354,0
9230,0,0.40104845,0
9231,0,0.5659205,1
9232,1,0.5872465,1
9233,1,0.67419565,1
9237,0,0.44047177,0
9239,0,0.32032916,0
9244,0,0.58830595,1
9248,0,0.39545166,0
9250,0,0.5442103,1
9252,1,0.40779108,0
9254,1,0.5378803,1
9258,0,0.51133895,1
9261,0,0.63850695,1
9262,0,0.42541546,0
9266,1,0.49753144,0
9268,1,0.5273878,1
9269,1,0.5660148,1
9273,0,0.6016331,1
9274,1,0.5350071,1
9277,0,0.43934926,0
9282,1,0.5082197,1
9283,0,0.43415466,0
9288,0,0.45915684,0
9290,1,0.50043523,1
9291,0,0.59731853,1
9293,1,0.66487396,1
9297,0,0.39192048,0
9299,0,0.23122413,0
9300,0,0.41610733,0
9301,0,0.5195002,1
9303,1,0.5659281,1
9306,0,0.38018718,0
9309,0,0.6020111,1
9310,1,0.6121099,1
9315,1,0.30500057,0
9317,0,0.44228154,0
9319,0,0.4698975,0
9323,0,0.26042446,0
9324,1,0.47073096,0
9325,1,0.4828239,0
9327,0,0.4415603,0
9330,0,0.37596762,0
9333,1,0.52830195,1
9335,0,0.58252144,1
9339,1,0.46715623,0
9340,0,0.45120794,0
9342,0,0.49817058,0
9343,1,0.3812827,0
9344,0,0.38484278,0
9345,1,0.4991473,0
9348,0,0.379309,0
9349,1,0.48543087,0
9359,1,0.5964561,1
9361,1,0.5237751,1
9362,0,0.3744926,0
9367,0,0.27775675,0
9369,0,0.5123955,1
9377,1,0.5774698,1
9385,0,0.37315586,0
9393,1,0.41543254,0
9394,1,0.5659971,1
9395,1,0.629218,1
9398,1,0.31037137,0
9399,0,0.42374095,0
9401,1,0.4265904,0
9402,0,0.49042034,0
9408,0,0.46284166,0
9413,0,0.46203643,0
9415,1,0.6490286,1
9421,0,0.48931697,0
9429,0,0.4359496,0
9430,0,0.47990078,0
9431,0,0.61296475,1
9432,1,0.5682407,1
9433,1,0.6706881,1
9435,1,0.5609478,1
9436,1,0.5425474,1
9441,1,0.43252492,0
9442,0,0.5005108,1
9447,1,0.43956825,0
9449,0,0.3966416,0
9450,1,0.3678566,0
9455,1,0.61866486,1
9457,1,0.57310545,1
9459,0,0.49091923,0
9470,0,0.43101838,0
9473,0,0.42128322,0
9475,0,0.4599985,0
9479,0,0.48426232,0
9485,0,0.5369246,1
9491,1,0.5529824,1
9493,0,0.55169564,1
9495,0,0.32463074,0
9496,1,0.5760108,1
9497,0,0.40695742,0
9499,0,0.55985796,1
9504,0,0.4681015,0
9506,1,0.47693685,0
9507,1,0.6377804,1
9511,0,0.6090057,1
9516,1,0.41684648,0
9517,0,0.48570076,0
9522,0,0.32544047,0
9523,0,0.51224804,1
9526,1,0.6852929,1
9530,1,0.60688806,1
9531,1,0.45392787,0
9533,0,0.5930376,1
9536,1,0.41551697,0
9537,0,0.596854,1
9540,1,0.5112591,1
9542,1,0.55897474,1
9543,1,0.28036755,0
9545,0,0.62588596,1
9547,0,0.621886,1
9553,0,0.5922346,1
9556,0,0.3443982,0
9559,0,0.4837267,0
9561,1,0.5781702,1
9564,1,0.6052406,1
9571,0,0.5876445,1
9577,1,0.5529778,1
9578,0,0.4770622,0
9588,0,0.5686016,1
9589,0,0.30920583,0
9590,1,0.5011952,1
9599,0,0.42804208,0
9603,0,0.58261627,1
9604,1,0.49156597,0
9609,0,0.46018934,0
9611,1,0.45987532,0
9612,1,0.37746477,0
9613,0,0.37265277,0
9619,0,0.31449977,0
9620,1,0.57992685,1
9621,0,0.4299061,0
9630,1,0.55772173,1
9631,0,0.54694074,1
9632,0,0.4589262,0
9637,0,0.3277564,0
9640,1,0.4512451,0
9642,0,0.4665049,0
9643,0,0.5358726,1
9647,0,0.5015962,1
9649,1,0.47988924,0
9653,0,0.34742978,0
9659,0,0.3873889,0
9661,0,0.51340973,1
9665,1,0.59206724,1
9667,1,0.64049816,1
9668,0,0.506303,1
9669,0,0.28268832,0
9670,0,0.3694616,0
9673,1,0.4716194,0
9677,0,0.32678306,0
9681,1,0.5321685,1
9687,1,0.64305127,1
9690,1,0.48218167,0
9695,1,0.54164886,1
9699,1,0.33505392,0
9702,0,0.3512309,0
9706,0,0.3337791,0
9707,0,0.36610273,0
9709,1,0.4801344,0
9710,0,0.43956703,0
9711,1,0.440845,0
9712,0,0.5277981,1
9719,0,0.5382284,1
9720,1,0.48738366,0
9725,1,0.4671203,0
9727,0,0.36539942,0
9729,1,0.68527865,1
9732,0,0.38601148,0
9733,1,0.58457184,1
9734,1,0.5103568,1
9735,1,0.5036154,1
9741,0,0.36950573,0
9744,1,0.6262355,1
9749,0,0.6490906,1
9750,0,0.54159784,1
9751,0,0.60446835,1
9755,0,0.31999508,0
9759,1,0.51240027,1
9761,0,0.36554495,0
9763,0,0.3668748,0
9764,0,0.56298923,1
9765,0,0.44727233,0
9766,1,0.42426187,0
9767,1,0.29735732,0
9773,1,0.6615095,1
9777,1,0.516122,1
9780,1,0.19387354,0
9781,0,0.3925485,0
9786,0,0.33838448,0
9787,0,0.2842751,0
9793,0,0.30385584,0
9796,1,0.5579747,1
9798,0,0.46870875,0
9799,1,0.62415755,1
9801,0,0.53825384,1
9802,0,0.45260963,0
9803,0,0.42786908,0
9805,0,0.5803287,1
9806,0,0.3748387,0
9807,0,0.43220273,0
9808,1,0.52675843,1
9809,0,0.54911304,1
9813,0,0.37293237,0
9818,0,0.51994264,1
9819,1,0.5634074,1
9821,0,0.45362896,0
9822,0,0.43871084,0
9826,0,0.40897185,0
9827,1,0.41908735,0
9828,0,0.33154473,0
9830,0,0.4061837,0
9831,0,0.4020404,0
9840,0,0.3020348,0
9841,0,0.56564283,1
9842,1,0.46809688,0
9844,1,0.3304445,0
9845,1,0.6344156,1
9847,1,0.61799693,1
9848,1,0.5162366,1
9852,0,0.3464456,0
9853,0,0.53575826,1
9858,0,0.4028809,0
9859,0,0.43526736,0
9866,0,0.490384,0
9867,1,0.43082544,0
9868,1,0.5317481,1
9869,1,0.43424603,0
9870,1,0.57580626,1
9871,1,0.6292001,1
9875,1,0.49290994,0
9876,0,0.35258543,0
9878,1,0.58502203,1
9880,0,0.33998403,0
9881,0,0.4184722,0
9882,0,0.46093076,0
9893,1,0.41818112,0
9894,0,0.44500157,0
9898,1,0.47626033,0
9899,0,0.41550022,0
9903,1,0.621385,1
9905,0,0.47220147,0
9909,0,0.4358535,0
9911,1,0.48699328,0
9912,0,0.38744053,0
9915,1,0.5560528,1
9916,0,0.26595786,0
9921,0,0.56299865,1
9923,1,0.44710073,0
9930,0,0.582706,1
9932,1,0.42299992,0
9935,1,0.6184442,1
9938,0,0.36544693,0
9939,0,0.5166735,1
9941,0,0.37943783,0
9945,0,0.4817372,0
9946,1,0.3285784,0
9949,0,0.37254325,0
9951,0,0.40957615,0
9952,0,0.53767425,1
9953,0,0.39522487,0
9954,1,0.522128,1
9955,1,0.4471584,0
9957,0,0.3401881,0
9958,1,0.544864,1
9961,1,0.49316448,0
9967,0,0.4767747,0
9971,0,0.35352433,0
9972,0,0.37913987,0
9975,0,0.40639997,0
9979,1,0.5007316,1
9980,1,0.5458771,1
9983,1,0.3442487,0
9986,1,0.54577696,1
9990,0,0.3857128,0
9998,1,0.3860261,0
10001,1,0.36199313,0
10002,0,0.3107954,0
10004,0,0.4495439,0
10005,1,0.6782476,1
10006,0,0.5120653,1
10010,1,0.39370435,0
10012,1,0.55772734,1
10018,1,0.42171764,0
10021,1,0.7135769,1
10022,0,0.26302582,0
10023,1,0.4414633,0
10025,0,0.3230993,0
10026,1,0.41622758,0
10027,1,0.39763907,0
10031,1,0.5531077,1
10032,0,0.502601,1
10037,0,0.4610288,0
10039,1,0.57395875,1
10043,1,0.53094196,1
10045,1,0.53518164,1
10046,0,0.33300474,0
10049,0,0.41108528,0
10050,1,0.54288673,1
10054,0,0.41213077,0
10056,0,0.7936633,1
10057,0,0.42850372,0
10062,1,0.36278483,0
10063,0,0.44727576,0
10069,0,0.57024753,1
10079,0,0.21534114,0
10080,1,0.3368755,0
10082,1,0.5426593,1
10083,1,0.6278588,1
10085,0,0.5386574,1
10087,0,0.23965546,0
10090,1,0.57531893,1
10094,0,0.49374315,0
10097,0,0.28959793,0
10103,1,0.63511324,1
10109,0,0.54872346,1
10115,1,0.55240494,1
10118,1,0.5447024,1
10119,0,0.4372027,0
10120,1,0.47367778,0
10121,1,0.52007896,1
10124,0,0.46134898,0
10125,0,0.45377496,0
10127,0,0.61295474,1
10133,0,0.39471763,0
10134,1,0.41552728,0
10137,1,0.40852174,0
10143,1,0.56049955,1
10145,1,0.5768565,1
10146,0,0.34089613,0
10150,1,0.39737704,0
10155,0,0.5528388,1
10156,1,0.59199643,1
10157,0,0.41263247,0
10159,0,0.6332924,1
10167,1,0.523188,1
10168,0,0.42534977,0
10169,1,0.6239773,1
10174,1,0.28321907,0
10175,1,0.4492041,0
10178,0,0.44348162,0
10182,0,0.29193476,0
10185,0,0.47121364,0
10186,0,0.35514152,0
10194,1,0.45627356,0
10198,1,0.49782884,0
10202,1,0.2515196,0
10205,1,0.4847063,0
10206,0,0.27110672,0
10207,0,0.59727633,1
10208,0,0.3747737,0
10210,1,0.58557963,1
10211,1,0.69671047,1
10212,0,0.48228794,0
10213,0,0.5246464,1
10214,1,0.56925464,1
10215,0,0.20716642,0
10216,0,0.6147731,1
10217,1,0.5600749,1
10218,0,0.45880044,0
10219,1,0.44510558,0
10221,1,0.3050062,0
10223,0,0.5204,1
10224,1,0.57584953,1
10225,1,0.4362777,0
10227,1,0.45129415,0
10233,0,0.55927944,1
10235,1,0.39353865,0
10244,0,0.61536825,1
10248,0,0.4751844,0
10249,0,0.49093732,0
10254,0,0.5401295,1
10262,1,0.3543158,0
10263,0,0.63998854,1
10264,1,0.36123994,0
10267,0,0.37974745,0
10272,1,0.5497775,1
10273,0,0.51279706,1
10276,1,0.62222695,1
10277,0,0.39326227,0
10279,1,0.50362897,1
10280,0,0.36023366,0
10282,1,0.106603615,0
10286,1,0.59045666,1
10288,0,0.5371152,1
10291,0,0.5842229,1
10292,1,0.4764509,0
10293,1,0.47321856,0
10298,1,0.46852005,0
10299,0,0.37725735,0
10302,0,0.43258333,0
10309,1,0.5022799,1
10313,1,0.6030654,1
10314,1,0.47004375,0
10316,0,0.38568053,0
10317,0,0.42249638,0
10318,0,0.49284646,0
10324,0,0.43099847,0
10327,0,0.48916468,0
10330,1,0.48721418,0
10332,0,0.4857531,0
10336,1,0.41424152,0
10338,0,0.46403033,0
10339,1,0.54955477,1
10340,0,0.68803465,1
10343,1,0.046976354,0
10345,0,0.40902203,0
10347,0,0.3398324,0
10348,0,0.45854345,0
10350,0,0.25604537,0
10354,0,0.57868004,1
10356,1,0.4400959,0
10357,1,0.5452255,1
10361,0,0.48859197,0
10365,0,0.4744385,0
10368,1,0.4707297,0
10369,0,0.47656822,0
10371,1,0.54517114,1
10376,0,0.41876632,0
10378,1,0.7061588,1
10381,1,0.37498808,0
10382,1,0.44642836,0
15239,0,0.5568205,1
15242,1,0.36921665,0
15246,0,0.5937548,1
15247,1,0.44901487,0
15248,0,0.5588802,1
15249,1,0.46571225,0
15253,1,0.5081235,1
15254,0,0.38345227,0
15258,1,0.42406303,0
15260,0,0.39856923,0
15262,1,0.58997387,1
15265,0,0.5796682,1
15268,0,0.38341132,0
15272,1,0.6348311,1
15274,0,0.57421255,1
15275,0,0.4550693,0
15277,0,0.54247093,1
15281,1,0.3992874,0
15282,0,0.5225146,1
15288,1,0.5610784,1
15290,1,0.45456594,0
15291,0,0.33098915,0
15293,1,0.4809084,0
15296,1,0.51924694,1
15298,1,0.48927042,0
15299,0,0.45716453,0
15302,1,0.6997344,1
15303,0,0.67523324,1
15551,1,0.62560916,1
15552,0,0.46070528,0
15553,0,0.58787924,1
15555,1,0.46785048,0
15557,1,0.62673855,1
15558,0,0.6245121,1
15559,1,0.51923776,1
15564,1,0.6468524,1
15565,0,0.5408305,1
15568,1,0.4648124,0
15570,1,0.5380113,1
15573,1,0.33698454,0
15576,1,0.3968324,0
15578,1,0.37384638,0
15582,1,0.57947004,1
15584,1,0.5419545,1
15587,0,0.6121497,1
15588,1,0.5222547,1
15589,1,0.43611953,0
15593,1,0.3795004,0
15595,1,0.43491137,0
15599,1,0.37084332,0
15601,0,0.33411482,0
15610,0,0.5331429,1
15614,0,0.53407264,1
15616,1,0.4986507,0
15619,1,0.31224674,0
15623,1,0.6279429,1
15624,1,0.5793339,1
15625,0,0.43451717,0
15630,1,0.5388334,1
15634,1,0.44414186,0
15640,1,0.61271214,1
15641,1,0.5324833,1
15642,0,0.39192206,0
15644,0,0.44248584,0
15646,1,0.5121851,1
15647,1,0.6541228,1
15649,1,0.51689506,1
15652,1,0.37781873,0
15653,0,0.5783247,1
15657,0,0.5503263,1
15658,0,0.47390497,0
15663,0,0.27843347,0
15666,1,0.6922307,1
15667,0,0.6242071,1
15670,0,0.77078307,1
15671,0,0.44411173,0
15672,0,0.61749876,1
15673,0,0.45787305,0
15674,0,0.6021915,1
15677,1,0.5520444,1
15679,0,0.38195673,0
15680,1,0.5022336,1
15683,0,0.44625202,0
15684,1,0.31082863,0
15686,1,0.442509,0
15688,0,0.3599218,0
15689,1,0.35325631,0
15690,0,0.60452247,1
16206,1,0.5307703,1
16208,1,0.63108945,1
16211,1,0.63679683,1
16213,0,0.6166343,1
16214,0,0.59647715,1
16215,1,0.5797645,1
16217,0,0.43466294,0
16220,1,0.38924614,0
16222,1,0.672173,1
16226,0,0.67815304,1
16231,0,0.3063383,0
16233,1,0.40130362,0
16235,1,0.59798396,1
16236,1,0.46365368,0
16238,0,0.3758628,0
16241,0,0.29962438,0
16245,1,0.54460156,1
16247,1,0.36003187,0
16248,1,0.4562675,0
16250,1,0.46311888,0
16252,1,0.5762762,1
16256,1,0.6318735,1
16258,0,0.63535726,1
16259,1,0.5693711,1
16262,1,0.33222342,0
16263,0,0.3764672,0
16265,1,0.50341713,1
16267,1,0.69582444,1
16269,0,0.43987095,0
16270,0,0.5832871,1
16273,0,0.41288143,0
16274,0,0.43606213,0
16275,1,0.46339062,0
16278,0,0.36622715,0
16282,0,0.4365048,0
16283,1,0.55366504,1
16284,0,0.48944214,0
16287,0,0.45281938,0
16288,0,0.44041374,0
16293,0,0.24603002,0
16294,0,0.5741638,1
16297,0,0.63975465,1
16299,1,0.58797055,1
16302,0,0.44940862,0
16310,0,0.5925442,1
16311,1,0.5446599,1
16313,1,0.60758305,1
16316,1,0.5078722,1
16317,1,0.51659405,1
16318,0,0.42643687,0
16320,0,0.47609356,0
16322,0,0.45126405,0
16323,1,0.58440125,1
16324,1,0.4085228,0
16326,0,0.28187925,0
16329,1,0.556201,1
16332,1,0.31760392,0
16334,0,0.5607312,1
16336,0,0.42682227,0
16337,1,0.5122272,1
16338,1,0.53552675,1
16340,0,0.5268917,1
16341,1,0.39726,0
16342,0,0.6605079,1
16343,0,0.56479096,1
16344,1,0.56824577,1
16347,0,0.41091183,0
16348,0,0.44196406,0
16359,1,0.33998328,0
16360,1,0.60828525,1
16361,1,0.27961862,0
16363,1,0.42446285,0
16370,1,0.62000847,1
16371,0,0.503688,1
16372,1,0.6026742,1
16373,0,0.45722088,0
16374,0,0.5902321,1
16375,1,0.6371635,1
16377,0,0.47950298,0
16378,1,0.4805179,0
17137,0,0.6350867,1
17139,0,0.4643581,0
17142,0,0.52897805,1
17144,0,0.31045225,0
17145,0,0.3702575,0
17149,0,0.41876164,0
17154,0,0.49854547,0
17155,0,0.5491801,1
17159,1,0.5241389,1
17161,0,0.5791076,1
17164,0,0.48340943,0
17165,0,0.6419603,1
17171,1,0.5324279,1
17172,0,0.3110947,0
17175,0,0.56255627,1
17192,0,0.5904117,1
17195,0,0.66125286,1
17196,1,0.63283587,1
17198,1,0.6103779,1
17199,0,0.29463887,0
17200,1,0.37181205,0
17208,1,0.46911314,0
17212,0,0.5180999,1
17216,1,0.53009725,1
17217,1,0.30930886,0
17220,1,0.30932322,0
17221,1,0.49943447,0
17223,0,0.5034877,1
17230,0,0.55626583,1
17231,1,0.48700336,0
17232,1,0.33817253,0
17240,1,0.5846163,1
17244,0,0.443604,0
17246,0,0.49484992,0
18223,1,0.46387404,0
18225,1,0.541258,1
18226,1,0.29393154,0
18235,0,0.5181271,1
18236,1,0.5473759,1
18238,1,0.6302562,1
18240,1,0.5246076,1
18241,0,0.46483633,0
18245,0,0.36405244,0
18246,1,0.46018583,0
18248,1,0.4694978,0
18249,0,0.5055535,1
18250,0,0.2486549,0
18251,0,0.41289544,0
18252,1,0.42272124,0
18253,0,0.3799583,0
18254,1,0.574316,1
18262,0,0.40971416,0
18263,0,0.51485753,1
18264,0,0.5246056,1
18266,1,0.5488069,1
18270,1,0.5607886,1
18275,0,0.4610765,0
18276,1,0.46910968,0
18279,1,0.3191981,0
18282,1,0.43598482,0
18284,0,0.5282297,1
18285,1,0.6000014,1
18286,0,0.2873665,0
18288,1,0.41076866,0
18289,0,0.5933962,1
18291,0,0.49942914,0
18294,0,0.6186739,1
18295,1,0.5268284,1
18296,1,0.41106892,0
18586,1,0.5406752,1
18587,0,0.47235402,0
18590,1,0.60397977,1
18592,1,0.5681972,1
18594,0,0.49519,0
18596,0,0.47399324,0
18597,1,0.42760295,0
18599,0,0.37429363,0
18600,0,0.47534266,0
18602,1,0.6047346,1
18603,0,0.40163988,0
18605,1,0.47060043,0
18610,1,0.6732689,1
18612,0,0.54531693,1
18613,1,0.48367295,0
18614,1,0.49613324,0
18615,0,0.5947293,1
18617,0,0.34849623,0
18619,0,0.4768502,0
18622,1,0.5399433,1
18624,0,0.6661265,1
18626,0,0.5386973,1
18629,0,0.69720054,1
18632,0,0.42175585,0
18633,0,0.28396147,0
18635,1,0.5522574,1
18636,0,0.4630377,0
18637,1,0.42989072,0
18639,1,0.5105734,1
18641,1,0.48829937,0
18642,0,0.34557068,0
18931,1,0.53822803,1
18932,0,0.45265913,0
18936,1,0.6527952,1
18938,1,0.4894154,0
18939,1,0.42709485,0
18941,0,0.5029055,1
18944,0,0.42878377,0
18945,1,0.50992745,1
18946,0,0.2946508,0
18949,1,0.45587415,0
18950,1,0.47499704,0
18953,0,0.41963524,0
18957,1,0.48024854,0
18960,0,0.43297172,0
18962,1,0.54716665,1
18965,0,0.52720046,1
18967,0,0.34396136,0
18968,0,0.62369466,1
18969,0,0.41389492,0
18972,1,0.4687755,0
18973,0,0.55671775,1
18975,0,0.4569106,0
18977,1,0.41206813,0
18978,1,0.50638306,1
18979,1,0.436511,0
18980,1,0.56381124,1
18982,0,0.5288929,1
18989,0,0.5136603,1
18990,0,0.35012057,0
18991,1,0.59682506,1
18997,0,0.42881885,0
19000,0,0.52321744,1
19002,0,0.48766628,0
19005,1,0.6343749,1
19007,1,0.6708268,1
19012,1,0.653293,1
19013,1,0.57918245,1
19015,0,0.41948286,0
19016,0,0.36623704,0
19018,0,0.33458197,0
19019,1,0.34538513,0
19396,0,0.53976774,1
19399,1,0.6364664,1
19400,0,0.44703433,0
19403,0,0.3949356,0
19404,1,0.5190556,1
19406,1,0.6192419,1
19407,1,0.49661002,0
19411,1,0.26918623,0
19415,0,0.5274599,1
19417,0,0.31803188,0
19418,1,0.3832327,0
19419,0,0.5289411,1
19420,0,0.46376315,0
19421,1,0.6356907,1
19422,1,0.47943544,0
19423,0,0.4213755,0
19426,0,0.52998686,1
19428,0,0.3973521,0
19431,0,0.59362745,1
19432,0,0.5843359,1
19433,1,0.6384983,1
19442,1,0.5767795,1
19444,1,0.34301567,0
19450,0,0.503567,1
19451,0,0.3648606,0
19453,1,0.38373414,0
19454,0,0.47401416,0
19455,0,0.64416665,1
19458,1,0.5064863,1
19459,0,0.48254418,0
19461,1,0.6248081,1
19465,1,0.58690244,1
19467,1,0.29166692,0
19468,1,0.4299658,0
19472,0,0.5955771,1
19479,1,0.4797935,0
19481,0,0.4958608,0
19483,1,0.6002943,1
19485,1,0.4435233,0
19487,0,0.44853425,0
19489,0,0.41439593,0
19490,0,0.2568192,0
19493,0,0.26752672,0
19494,0,0.41001722,0
19498,1,0.55397475,1
19499,1,0.5958391,1
19500,0,0.23542461,0
19502,0,0.44466513,0
19503,0,0.32500097,0
19505,1,0.48812538,0
19508,0,0.50035346,1
19511,0,0.64920807,1
19512,1,0.3722709,0
19513,0,0.6107693,1
19516,0,0.4956112,0
26748,1,0.44428644,0
26758,0,0.4147143,0
26759,1,0.63050234,1
26760,1,0.6655308,1
26761,0,0.41033018,0
26763,0,0.23114492,0
26766,1,0.52976996,1
26773,1,0.39078653,0
26776,0,0.43956742,0
26777,0,0.3647252,0
26779,1,0.47879007,0
26782,1,0.42320755,0
26785,0,0.41245034,0
26786,0,0.65624106,1
26787,0,0.32588607,0
26792,1,0.54210854,1
26793,0,0.42279592,0
26795,1,0.44621363,0
26796,0,0.2557528,0
26797,0,0.5063627,1
26800,1,0.44801095,0
26801,0,0.59893644,1
26802,0,0.63824755,1
26805,1,0.47994006,0
26809,1,0.6051235,1
26810,1,0.4999772,0
26813,0,0.58785355,1
26814,0,0.5174083,1
26819,1,0.49244124,0
26820,0,0.56081307,1
26824,1,0.42503592,0
26826,0,0.47575134,0
26832,0,0.30169052,0
26833,1,0.4596605,0
26836,1,0.52864766,1
26837,1,0.65215504,1
26839,1,0.4789182,0
26840,0,0.30730447,0
26841,1,0.5368197,1
26849,0,0.64449984,1
26850,0,0.49383307,0
26853,1,0.5085993,1
26860,1,0.45481202,0
26863,0,0.53710914,1
26867,1,0.5488253,1
26874,1,0.7229031,1
26877,0,0.5546595,1
26881,0,0.30164886,0
26883,0,0.480006,0
26884,1,0.42244002,0
26887,1,0.37673426,0
26889,1,0.46431652,0
26893,1,0.48962379,0
27365,0,0.6331384,1
27369,1,0.4340802,0
27370,0,0.6017941,1
27374,1,0.58934474,1
27375,0,0.6723554,1
27378,0,0.4428603,0
27380,1,0.44805065,0
27386,0,0.64309645,1
27387,1,0.67892337,1
27391,1,0.38291648,0
27394,1,0.4554857,0
27395,1,0.47846243,0
27396,0,0.44149414,0
27398,1,0.4878326,0
27401,0,0.5608478,1
27402,0,0.51521695,1
27406,1,0.68257046,1
27412,0,0.5094172,1
27416,0,0.3059201,0
27418,1,0.54004765,1
27420,1,0.3044353,0
27423,1,0.43074232,0
27426,0,0.5063222,1
27427,1,0.33485562,0
27428,1,0.38276845,0
27432,1,0.49301523,0
27433,0,0.60610235,1
27435,1,0.47913024,0
27440,0,0.5257288,1
27441,1,0.49642047,0
27444,0,0.46007326,0
27446,0,0.38250223,0
27448,0,0.3809326,0
27450,1,0.25686282,0
27451,0,0.5523682,1
27453,1,0.38210487,0
27454,1,0.4519154,0
27455,1,0.46179554,0
27456,1,0.4334277,0
27460,1,0.4699299,0
27462,1,0.5403731,1
27466,1,0.31279072,0
27467,1,0.5533857,1
27469,0,0.4705628,0
27473,1,0.4632918,0
27474,1,0.5721033,1
27476,1,0.6158588,1
27477,1,0.5228616,1
27481,0,0.5879594,1
27482,0,0.6191616,1
27484,1,0.54207814,1
27487,0,0.4246564,0
27490,1,0.40227205,0
27496,0,0.5290092,1
27497,0,0.34108272,0
27502,1,0.55086195,1
27503,1,0.3693991,0
27504,1,0.59163225,1
27506,0,0.49156812,0
27507,1,0.058395825,0
27508,0,0.3436668,0
27511,0,0.4413964,0
27514,0,0.48937768,0
27515,1,0.54867065,1
27517,1,0.48489985,0
27518,0,0.43228012,0
27523,0,0.44050056,0
27524,0,0.30459645,0
27528,1,0.6745422,1
27529,0,0.42568552,0
27530,1,0.42387185,0
27533,1,0.32260498,0
27534,1,0.29084805,0
27535,0,0.36322,0
27538,0,0.4865306,0
27543,1,0.38466647,0
27544,1,0.6007145,1
27546,0,0.4199108,0
27552,0,0.34915075,0
27554,0,0.40608484,0
27555,1,0.3742765,0
27557,0,0.37095204,0
27558,0,0.5263332,1
27561,1,0.48737183,0
27563,0,0.29513133,0
27573,1,0.38562363,0
27574,0,0.34792906,0
27579,1,0.5318793,1
27585,0,0.45685402,0
27586,0,0.58326423,1
27589,0,0.50457287,1
27590,0,0.33296117,0
27593,0,0.5535659,1
27595,1,0.4496202,0
27596,1,0.4341422,0
27597,0,0.5427274,1
27599,1,0.5592186,1
27600,1,0.62909824,1
27603,0,0.42550772,0
27605,0,0.39295405,0
27608,0,0.37689433,0
27610,1,0.46443942,0
27613,1,0.39382252,0
27619,1,0.52716154,1
27620,0,0.56240773,1
27622,0,0.3569426,0
27624,0,0.2803777,0
27625,1,0.5362068,1
27627,0,0.24835655,0
27630,0,0.32633266,0
27631,0,0.47850415,0
27632,0,0.51491207,1
27634,0,0.3098646,0
27636,1,0.58432484,1
27637,0,0.471053,0
27638,0,0.4440664,0
27645,0,0.43002713,0
27649,0,0.44068962,0
27650,0,0.7080607,1
28738,0,0.6113921,1
28740,0,0.5764493,1
28741,1,0.43968955,0
28742,1,0.60365987,1
28743,0,0.5192486,1
28744,1,0.5382788,1
28745,0,0.4797257,0
28746,1,0.52115226,1
28747,1,0.5136013,1
28749,0,0.5325917,1
28752,0,0.46563852,0
28753,1,0.5405662,1
28755,1,0.57002103,1
28756,1,0.38444552,0
28760,0,0.562832,1
28761,1,0.3406792,0
28763,0,0.42649925,0
28771,0,0.6148659,1
28772,1,0.35897505,0
28773,1,0.4414513,0
28778,1,0.53786784,1
28779,1,0.4245969,0
28780,1,0.48516762,0
28784,1,0.5484092,1
28789,1,0.5968347,1
28791,0,0.58633757,1
28793,0,0.4667656,0
28797,1,0.57166076,1
28799,1,0.659827,1
28800,0,0.53694695,1
28801,0,0.5454633,1
28802,0,0.51235753,1
29808,1,0.42091504,0
29810,0,0.44249478,0
29811,1,0.48169386,0
29813,1,0.5350056,1
29814,1,0.52752244,1
29817,1,0.46933675,0
29819,1,0.5660596,1
29829,0,0.40089652,0
29835,1,0.4920859,0
29840,1,0.548689,1
29846,0,0.6839501,1
29850,0,0.35013804,0
29851,1,0.4349288,0
29853,1,0.3842426,0
29857,0,0.54280794,1
29859,1,0.40247276,0
29861,1,0.65900576,1
29865,1,0.7105334,1
29872,1,0.5553274,1
29873,0,0.43706968,0
29874,1,0.5632829,1
29876,1,0.5950049,1
29882,0,0.43125778,0
29883,1,0.43942332,0
29884,0,0.40884742,0
29886,1,0.4125092,0
29887,1,0.5386659,1
29888,0,0.33882552,0
29891,0,0.44014156,0
29893,1,0.50788414,1
29894,0,0.53554475,1
29898,0,0.48339996,0
29900,1,0.50635207,1
29902,0,0.46992862,0
29903,1,0.52652395,1
29905,0,0.4305744,0
29906,0,0.5937613,1
29907,0,0.50395226,1
29909,0,0.49431717,0
29910,1,0.30575585,0
29912,1,0.6079756,1
29916,1,0.43539774,0
29919,1,0.49534476,0
29922,1,0.66177076,1
29923,1,0.46343267,0
29924,1,0.6112162,1
29927,1,0.40464762,0
29928,0,0.44737712,0
29930,0,0.4208157,0
29935,0,0.3179447,0
29939,1,0.3514153,0
29940,1,0.59336495,1
29942,1,0.42913324,0
29944,0,0.6072298,1
29945,1,0.63777995,1
29949,0,0.45316604,0
29952,1,0.42536837,0
29953,1,0.6046618,1
29957,0,0.65271944,1
29959,0,0.5822536,1
29962,0,0.36287898,0
29964,1,0.62894785,1
29965,0,0.640014,1
29966,1,0.6670808,1
29968,0,0.2945231,0
29969,0,0.36256754,0
29970,0,0.33425823,0
29971,0,0.5323055,1
29972,0,0.337931,0
29973,0,0.49734154,0
29976,0,0.6220232,1
29979,0,0.45468238,0
29993,1,0.6126251,1
29998,0,0.49852294,0
30001,0,0.450114,0
30003,1,0.6887034,1
30008,0,0.39603454,0
30809,0,0.5557163,1
30810,1,0.63513577,1
30811,1,0.44156045,0
30820,0,0.53151,1
30822,1,0.4262072,0
30824,0,0.36311147,0
30825,0,0.46944383,0
30827,1,0.4879261,0
30828,1,0.61842376,1
30832,1,0.4271751,0
30837,1,0.47058296,0
30839,1,0.58634925,1
30840,1,0.62171626,1
30841,0,0.6029388,1
30843,1,0.3937382,0
30846,0,0.4551847,0
30847,0,0.43059033,0
30850,1,0.6385997,1
30851,0,0.58240265,1
30855,0,0.47818843,0
30858,0,0.52580315,1
30859,0,0.47984332,0
30860,0,0.30215442,0
31466,1,0.5799246,1
31468,1,0.59510136,1
31469,0,0.5503432,1
31471,1,0.54529643,1
31474,1,0.5498668,1
31476,0,0.44592038,0
31478,1,0.49902108,0
31479,1,0.36776608,0
31482,0,0.51260287,1
31490,0,0.5100144,1
31492,1,0.26264325,0
31495,0,0.45077294,0
31496,1,0.49401253,0
31497,1,0.5118796,1
31498,1,0.45728332,0
31499,0,0.4566398,0
31507,1,0.5203204,1
31508,0,0.36989743,0
31509,1,0.41213,0
31511,1,0.422247,0
31515,1,0.65012956,1
31516,1,0.54148436,1
31517,0,0.38760662,0
31519,1,0.59457946,1
31520,1,0.546455,1
31521,1,0.58893216,1
31524,0,0.48982352,0
31525,1,0.49093738,0
31531,0,0.54676574,1
31537,0,0.44909534,0
31538,1,0.4221319,0
31543,0,0.47894245,0
31546,1,0.5728524,1
31548,1,0.43658763,0
31551,1,0.39681202,0
31557,1,0.81284416,1
31559,0,0.5119563,1
31562,1,0.56246006,1
31569,0,0.19124529,0
31571,0,0.5281931,1
31574,0,0.4472783,0
31575,1,0.6153565,1
31576,0,0.39270464,0
31577,1,0.52128005,1
31578,0,0.6354598,1
31579,0,0.5161378,1
31580,0,0.32113153,0
31581,1,0.5069119,1
31584,0,0.42003834,0
31586,0,0.61179686,1
31590,1,0.5312387,1
31592,1,0.41047648,0
31593,1,0.639383,1
31594,1,0.39855218,0
31595,0,0.4549902,0
31596,1,0.55015314,1
31598,0,0.5085703,1
31599,1,0.27250156,0
31601,0,0.3732783,0
31608,1,0.5540918,1
31611,1,0.60280824,1
31613,1,0.5779761,1
31615,0,0.48622325,0
31616,0,0.5258827,1
31617,1,0.40828675,0
31618,0,0.5758689,1
31620,0,0.33943346,0
31621,0,0.31615344,0
31622,1,0.40975356,0
31624,1,0.5256595,1
31625,1,0.44534686,0
31626,1,0.6926882,1
31627,0,0.36489725,0
31628,1,0.5108184,1
31629,0,0.46412268,0
31630,1,0.4788192,0
31631,0,0.52526474,1
31632,0,0.54357713,1
31633,1,0.5873016,1
31635,0,0.6470408,1
31643,0,0.51263267,1
31644,1,0.42572784,0
31645,1,0.5593164,1
31649,0,0.39873835,0
31651,1,0.55023426,1
31655,1,0.6934896,1
31661,0,0.37310162,0
31663,1,0.49876678,0
31664,1,0.53393686,1
31665,1,0.5650171,1
31670,1,0.6079167,1
31672,0,0.43703154,0
31674,0,0.53895104,1
31679,0,0.48334393,0
31680,0,0.11102284,0
31682,0,0.4012622,0
31683,0,0.28614703,0
31685,1,0.69446886,1
31687,1,0.2522293,0
31691,1,0.55041945,1
31694,1,0.53646404,1
31697,1,0.4637937,0
31707,1,0.50727415,1
31708,0,0.523398,1
31710,0,0.61236024,1
31715,0,0.3986019,0
31717,0,0.48170766,0
31718,1,0.5377927,1
31720,0,0.38317636,0
31722,1,0.5557102,1
31723,0,0.56022096,1
31724,1,0.5557866,1
31726,1,0.5525962,1
31727,1,0.6005086,1
31728,1,0.6185702,1
31729,0,0.52967286,1
31732,1,0.55215466,1
31734,0,0.2850929,0
31735,0,0.3504872,0
31740,1,0.2629765,0
